{"cameraMode":{"drawMode":0,"name":"Shaded","section":"Shading Mode"},"sceneLighting":false,"audioPlay":false,"sceneViewState":{"m_AlwaysRefresh":false,"showFog":true,"showSkybox":false,"showFlares":true,"showImageEffects":true,"showParticleSystems":true,"showVisualEffectGraphs":true,"m_FxEnabled":true},"in2DMode":false,"pivot":{"x":-0.22153747081756593,"y":-0.17965631186962129,"z":0.7399318218231201},"rotation":{"x":-0.004492863547056913,"y":0.9949827790260315,"z":-0.05259466543793678,"w":-0.08497703820466995},"size":0.8660253882408142,"orthographic":false}