{"cameraMode":{"drawMode":0,"name":"Shaded","section":"Shading Mode"},"sceneLighting":true,"audioPlay":false,"sceneViewState":{"m_AlwaysRefresh":false,"showFog":true,"showSkybox":true,"showFlares":true,"showImageEffects":true,"showParticleSystems":true,"showVisualEffectGraphs":true,"m_FxEnabled":true},"in2DMode":false,"pivot":{"x":21.41468048095703,"y":14.73139476776123,"z":-11.001057624816895},"rotation":{"x":-0.29921284317970278,"y":0.47999855875968935,"z":-0.17837880551815034,"w":-0.8051374554634094},"size":1.8082661628723145,"orthographic":false}