{"cameraMode":{"drawMode":0,"name":"Shaded","section":"Shading Mode"},"sceneLighting":true,"audioPlay":false,"sceneViewState":{"m_AlwaysRefresh":false,"showFog":true,"showSkybox":true,"showFlares":true,"showImageEffects":true,"showParticleSystems":true,"showVisualEffectGraphs":true,"m_FxEnabled":true},"in2DMode":false,"pivot":{"x":0.12231247872114182,"y":-9.802143096923829,"z":-19.719409942626954},"rotation":{"x":-0.37489911913871767,"y":-0.3784911036491394,"z":0.1712128072977066,"w":-0.8287732601165772},"size":18.569408416748048,"orthographic":false}